{
  "project_info": {
    "project_number": "266134230280",
    "project_id": "zerohunger-89abb",
    "storage_bucket": "zerohunger-89abb.appspot.com"
  },
  "client": [
    {
      "client_info": {
        "mobilesdk_app_id": "1:266134230280:android:48913098883945474fc8bd",
        "android_client_info": {
          "package_name": "com.mycompany.zerohunger"
        }
      },
      "oauth_client": [
        {
          "client_id": "266134230280-59hv911h2klmaj480ikn48qtpj7a7gj3.apps.googleusercontent.com",
          "client_type": 1,
          "android_info": {
            "package_name": "com.mycompany.zerohunger",
            "certificate_hash": "9bbb3186b2189ef16d8f272bdab59362c395cbb4"
          }
        },
        {
          "client_id": "266134230280-qsgu04q3q2gv5u11vkuv9amrlifbrem5.apps.googleusercontent.com",
          "client_type": 3
        }
      ],
      "api_key": [
        {
          "current_key": "AIzaSyB2MFAZvZQkuj77A_NPaDsS_W-1WhFogPE"
        }
      ],
      "services": {
        "appinvite_service": {
          "other_platform_oauth_client": [
            {
              "client_id": "266134230280-gocs185h3helmggghar06nn4q9gi0fp3.apps.googleusercontent.com",
              "client_type": 3
            },
            {
              "client_id": "266134230280-shf0emjoqij2s7hp4453gir8mgn8e91r.apps.googleusercontent.com",
              "client_type": 2,
              "ios_info": {
                "bundle_id": "com.mycompany.zerohunger"
              }
            }
          ]
        }
      }
    }
  ],
  "configuration_version": "1"
}